inex,id,text,label
1,615689290706595840,.@whitehouse in rainbow colors for #scotusmarriage? here's what i think about that decision: URL,1
5,614467824313106432,god put a rainbow over the white house üåà URL,1
12,553589051044151296,several hostages freed at jewish supermarket in paris. photo thomas samson #afp URL,1
13,553590835850514433,"hostage-taker in supermarket siege killed, reports say. #parisattacks URL URL",1
16,616311563071434753,apologies if you've already seen a crow riding a bald eagle today. image: phoo chan story: URL URL,1
18,525060425184858112,"the canadian soldier killed in today's ottawa shooting is cpl. nathan cirillo, a family source told cnn. live blog: URL",1
20,544382892378714113,five hostages escape sydney cafe siege ‚Äî live updates from @buzzfeedoz URL URL,1
26,553588178687655936,reports: #charliehebdo suspects killed URL,1
32,524966904885428226,breaking update: canadian soldier injured at parliament hill shooting dies URL #ottawa,1
34,544374511194632192,update: total of 5 people have been able to get out of sydney cafe during hostage situation: URL URL,1
43,524935485370929152,shooting in canadian parliament comes day after isis-inspired radical drove in2 canadian soldier. also reports of shooting at war memorial/1,1
47,553535829017370625,#breaking - at least five hostages in paris kosher supermarket: (afp) URL #vincennes URL,1
52,553543369604210689,an 11-month old baby is among the hostages at the kosher supermarket in paris. unbearably sad. URL,1
54,649985459389661184,an openly gay man said that he and his partner met with pope francis a day before kim davis did URL,1
55,553531413459660800,update - afp says gunman who has taken a hostage at kosher supermarket in paris believed to be suspect in killing of policewoman on thursday,1
58,614604054552018944,the @whitehouse is rainbow-colored tonight in celebration of scotus same-sex marriage ruling. URL URL,1
63,544314234541469696,uber intros surge pricing in downtown sydney during hostage siege URL URL,1
66,553534838880608256,#breaking gunman in policewoman killing suspected in new paris hostage-taking: source,1
68,544512108885725184,paramedics are currently carrying out a number of hostages in #martinpl. #sydneysiege #9news,1
69,552805488631758849,"at least 12 killed in today's attack on satirical magazine #charliehebdo in paris, official says. URL",1
71,614608936491188225,white house lit in rainbow colors after gay marriage ruling URL URL,1
78,674263945172119552,1.15 million americans have been killed by guns since john lennon's death URL URL,1
80,544511199702822913,police move in: police confirm live ammunition used in martin place #sydneysiege,1
83,553107921081749504,"two shot in paris, including traffic cop, as manhunt continues for #charliehebdo suspects URL URL",1
86,632377165477191680,trayvon martin at space camp in florida. #blacklivesmatter URL,1
99,544512676643500033,breaking @skybusiness: freed hostage borne high from #sydneysiege w/c.4 paramedic teams on the scene URL ( carsonscottli,1
102,544324444773433348,"uber says it has hiked prices in sydney to ""encourage more drivers to come online & pick up passengers."" URL #sydneysiege",1
107,524975705206304769,#nhl cancels tonight's game between #ottawa and #toronto due to today's shootings. senators were to host maple leafs.,1
110,614595181845839873,the white house is lit up rainbow. URL,1
118,544512664769396736,"breaking: police enter #lindt cafe, hostages flee URL #sydneysiege URL",1
132,614599619310407680,white house is aglow in the colors of the rainbow celebrating the supreme court's same-sex marriage decision. URL,1
141,614594667225571328,breaking: the @whitehouse is celebrating with us tonight lit up in rainbow colors. #lovewins URL,1
152,614610920782888960,there will be cool photos of the white house w rainbow colors tonight but hard to top this one by chuck kennedy. URL,1
159,544520042810200064,"#sydneysiege is over. 2 confirmed dead, #prayforsydney #prayforsydneyhostages #sydney #hostages",1
164,641972184412327937,alert! islam taught in tennessee schools URL #wakeupamerica #tcot #wethepeople #pjnet #ccot URL,1
169,544491151118860289,"sydney hostage-taker - man monis, 49 - originally from iran - self-styled sheikh - accused of sexually assaulting 7 women developing..",1
170,544515538383564801,"haron monis,hostage-taker in #sydney: fled #iran 96,suspect in ex-wife killing,46 sex assaults URL URL",1
174,614601139422633984,white house lit in rainbow colors following us supreme court ruling that same-sex couples have right to marry. URL,1
175,524931324763992064,very reliable source on parliament hill tells me the assailant has been killed. #cdnpoli #ottnews,1
187,544301453717041152,breaking update: gunman says four devices are located around sydney. security response underway. police calling for calm. 9news,1
195,525068915068923904,***exclusive*** michael zahaf-bibeau caught on a #dashcam model sold at URL #ottawashooting URL,1
197,544504183341064192,"escaped #sydneysiege hostage, elly chen, a top student and skilled sportswoman URL URL",1
198,553476490315431937,police convoy and helicopters are rushing to scene to detain charlie hebdo massacre suspects URL URL,1
204,553587013409325058,#breaking charlie hebdo gunmen's hostage freed and safe after police assault,1
205,544513524438155264,"sydney siege: police enter cafe as hostages flee the scene, gunfire heard, reports of an injured person ‚Äì live URL",1
211,614628865353351168,the white house takes on rainbow hues in celebrating #scotusmarriage decision: URL URL,1
213,544358564484378624,police: negotiators are now in contact with armed hostage-taker in sydney situation; motive remains unknown - URL,1
221,544278985249550337,geoblock lifted on #abcnews24. streaming coverage of the martin place siege in sydney here URL,1
222,544367462012432384,"more: police confirm 3 hostages escape sydney cafe, unknown number remain inside URL #sydneysiege",1
225,614645853291155457,"as sun goes down, white house lights up rainbow colors to celebrate scotus ruling: URL URL",1
229,552791196247269378,"breaking: at least 10 killed in shooting at french satirical newspaper charlie hebdo, paris prosecutor's office says. URL",1
230,524943490887991296,"confirmed | 1 shooter shot dead at parliament hill, but there is more than 1 suspect. #cbcott #ottnews",1
235,544391533240516608,five hostages have escaped the besieged lindt cafe in #sydney | our latest update: URL URL,1
237,525025279803424768,the soldier shot dead in wednesday's ottawa attacks has been named as cpl. nathan cirillo of #hamont #ottawashooting URL,1
242,553544694765215745,french police publishes photos of suspect in yesterday's montrouge shooting. maybe the same persons in kosher market URL,1
246,614626710248534016,these colors celebrate a new chapter in the history of american civil rights. #lovewins URL URL,1
249,649903655160815616,vatican says #kimdavis' meeting w/ #popefrancis 'should not be considered a form of support.' URL URL,1
255,614494170590367744,theres' a double rainbow over the white house URL,1
265,525056576038518785,soldier killed in canada shooting was a young reservist with a six-year-old son URL URL,1
271,614618682543616000,white house shines rainbow-colored lights in honor of #scotus gay marriage decision #lovewins URL URL,1
277,524926235030589440,breaking news: at least 3 shots fired at ottawa war memorial. one soldier confirmed shot - URL URL,1
279,544380742076088320,"this is shot that captures the #sydneysiege: sheer terror/relief of escaped hostages, incredible work of @nswpolice URL",1
280,614605997953404929,white house lit in rainbow colors after high court's gay marriage ruling (with photo) URL,1
292,544271284796784640,"developing: gunman takes hostages in sydney cafe, 'isis' flags being held against window - URL URL",1
301,524962142563610625,#breaking rick hughes at cbc hamilton: the soldier who was shot in ottawa wednesday morning is a reservist serving in hamilton,1
306,614594195479752704,white house lit in rainbow colors after today's historic supreme court ruling #scotusmarriage URL,1
308,614593989203886080,the @whitehouse is lit up like a rainbow! #lovewins URL,1
313,681147789653356544,katy perry -- makes holiday wish come true for burn victim URL,1
315,544476808566276097,tv channels have chosen not to show videos of hostages relaying #sydneysiege gunman's demands. URL URL,1
320,524952883343925249,watch video showing gunfire inside canada's parliament in ottawa URL URL,1
340,553508098825261056,police have surrounded this building where the suspected #charliehebdo attackers are holed-up URL URL,1
342,614628136634949632,the @whitehouse is lit up in a rainbow #lovewins URL,1
343,580324027715063808,"just in: germanwings plane crashes in southern france, up to 150 feared dead URL",1
351,524941132237910016,here's that dramatic video via @josh_wingrove of shots fired inside parliament building: URL #ottawa #shooting,1
354,544283772569788416,live updates: siege in sydney cafe URL,1
361,615494435074363392,"if they can light up the white house like a rainbow for gay pride, it sure as hell better be red, white & blue for independence day. merica.",1
364,676367888543031296,"north carolina town rejects solar panels for sucking ""up all the energy from the sun.‚Äù URL URL",1
366,642465192408940544,#wakeupamerica heads need to roll! school forcing non-muslims to praise islam URL #bansharia URL,1
374,553590459688570880,several hostages freed at jewish supermarket in paris. photo thomas samson #afp URL,1
375,525058976376193024,our thoughts and prayers go out to nathan cirillo who died today in ottawa while protecting his country at age 24 URL,1
382,553476880339599360,"developing: police pursuing #charliehebdo shooting suspects, helicopters deployed - live feed: URL URL",1
387,500378223977721856,"oh. so now the #ferguson police chief says the cop didn't know about the robbery when he stopped #mikebrown. the kid was ""jaywalking""? bs!",1
393,544319832486064128,"hostage situation erupts in sydney cafe, australian prime minister says it may be ""politically motivated"" URL",1
399,553512735192141826,update - afp: an unnamed police source says the killing of the policewoman in #paris on thursday is linked to the #charliehebdo attack,1
400,544517264054423552,#breaking: police have confirmed that the #sydneysiege is over. #9news,1
407,641082932740947972,"judy carne, ‚Äòsock it to me girl‚Äô on ‚Äòlaugh-in,‚Äô dies at 76 URL",1
414,498430783699554305,witness: police allegedly stopped mike brown after yelling at him to walk on sidewalk. #ferguson URL,1
425,623599854661541888,obama; - hours to light up white house in rainbow colors for gay marriage. - 5 days to lower flag for dead marines. URL,1
436,614607711368519680,photo: white house lit in rainbow colors after high court's gay marriage ruling URL URL,1
449,614671961801785344,the white house is glowing with pride URL | ap photo URL,1
450,675490515748425728,america's first muslim female judge; carolyn walker-diallo. URL,1
453,552984502063337472,#update three men including two brothers identified in france newspaper attack: source URL #jesuischarlie #charliehebdo,1
454,650128194209730561,an openly gay man said that he and his partner met with pope francis a day before kim davis did URL,1
461,524995771587108864,this afternoon we've lowered our flags to half mast in honour of the canadian reservist who lost his life in ottawa. URL,1
471,552832817089236992,stills from eyewitness video show two #charliehebdo attackers wearing hoods & black clothing shoot a wounded man URL,1
472,544291965513134080,"according to seven, this is a picture of the gunman URL",1
476,649881917534433280,"pope francis‚Äô meeting wasn‚Äôt an endorsement of kim davis, vatican says URL",1
487,628319096606732290,whole foods' $6 asparagus water is just water with three stalks of asparagus in it URL URL,1
488,524936872666353664,more shots fired just off parliament hill. police telling everyone to take cover.,1
496,544289409294553088,full statement from pm abbott on #sydneysiege #martinplace #lindt. URL,1
500,553587303172833280,police taking people out of #paris grocery where hostages were being held. URL,1
502,544381485591982083,reports on @channeltennews #sydneysiege gunman wants #isil flag delivered to cafe and he also wants to speak to pm or people will be killed.,1
505,614638036593299456,"this is how the white house celebrated what obama called ""a victory for america."" #lovewins URL URL",1
506,553587672137334785,afp: suspected #charliehebdo gunmen have been killed,1
507,552811386259386370,at least 12 dead in the paris shooting. updated story and background info: URL #charliehebdo URL,1
516,524923676484177920,breaking - shooting on parliament hill. rcmp have weapons drawn #cdnpoli URL,1
521,544277117039837184,flag in window of sydney lindt cafe not an isis flag. reads: ‚Äòthere is no god but allah and muhammad is the messenger of god‚Äô (@liztilley84),1
523,544358533819420672,breaking: three hostages appear to have escaped the sydney cafe where a siege remains ongoing. URL #sydneyseige,1
527,524965775036387329,"hero. @affanchowdhry: kevin vickers, head of security in parliament, being credited for taking down shooter #ottawa URL """,1
529,525025463648137216,breaking: a source confirms to cp24 that the deceased soldier in ottawa is cpl. nathan cirillo. cirillo was a member of the hamilton argylls,1
535,614604580601597953,"watch live: as sun goes down, white house lights up rainbow colors to celebrate scotus ruling URL URL",1
541,544518335019229184,#breaking: at least two people have died following the #sydneysiege. 5 people are being treated by paramedics.,1
542,614624331717545984,live from the white house...in rainbow colors. hundreds of people...hundreds URL,1
543,615840865815298048,valerie jarrett organized white house rainbow lights URL URL,1
546,544274934835707905,several people being held hostage at a sydney cafe. australian tv showing people with hands up against a window: URL,1
550,614617234942656512,the white house tonight is illuminated in rainbow colors to honor and celebrate marriage equality. bravo! URL,1
553,544271362022338560,"black islamic flag being held up in window of #lindt chocolate store in martin place, sydney - hostages inside. URL",1
556,552793679082311680,"11 confirmed dead, francois hollande to visit scene of attack - latest from paris: URL URL",1
562,544319274072817664,"ray hadley says he spoke with hostage, and could hear the gunman in the background barking orders and demanding to go live on air",1
565,628681462976528384,"whole foods called out for selling $6 ""asparagus water,"" water with stalks of asparagus in it URL URL",1
567,650037735579910145,the vatican insists pope francis‚Äô encounter with kim davis was not endorsement of her views URL URL,1
568,544289941996326912,prime minister tony abbott's statement on the #sydneysiege. updates: URL URL,1
569,649974380416618496,"vatican official says there is ""a sense of regret"" that pope francis met with kim davis: URL URL",1
575,616481759329427456,"just a crow riding an eagle, nbd. URL URL",1
577,552785375161499649,breaking: 10 reportedly shot dead at paris hq of french weekly charlie hebdo URL,1
591,524925215235911680,#breaking news: shots fired at parliament hill. follow developing story: URL URL,1
592,525028734991343617,ctv news confirms that canadian authorities have provided us authorities with the name michael zehaf-bibeau in connection to ottawa shooting,1
598,674358835675549696,1.15 million americans have been killed by guns since john lennon's death URL,1
600,616765822095261700,a crow tries to fight an eagle‚Äîgets a free ride instead: URL,1
602,614610364702044164,white house set aglow with rainbow pride URL | ap photo URL,1
604,524932935137628160,the gunman in ottawa has been shot and killed. i'm at a loss for words this morning. that isn't my canada.,1
605,640967537178472448,"judy carne, ""laugh-in‚Äôs"" ""sock it to me"" girl, dies at 76 URL URL",1
607,614595106906226688,the white house bathed in rainbow #scotusgaymarriage URL,1
610,525049639016615937,this is the soldier who died today at the #ottawa war memorial. his name is cpl. nathan cirillo. #rip #ottawastrong URL,1
614,614790312955904000,see the white house light up as a rainbow to celebrate gay marriage URL URL,1
617,544520273718812672,police confirm that #sydneysiege is finally over. two people reportedly injured after suffering gunshot wounds URL,1
619,544350712365207552,#breaking reports two customers and an employee have escaped the #sydneysiege URL,1
621,614702244001382400,white house set aglow with rainbow pride URL | ap photo URL,1
624,524925987239120897,soldier shot at national war memorial in ottawa URL #cdnpoli #hw,1
633,525019752507658240,"#isis media account posts picture claiming to be michael zehaf-bibeau, dead #ottawashooting suspect. #canada URL",1
637,614620298877513729,white house lit in rainbow colors following us supreme court ruling that same-sex couples have right to marry. URL,1
639,552791578893619200,eleven dead in shooting at paris offices of satirical magazine charlie hebdo ‚Äì live updates URL,1
640,614599587362414592,white house lit in rainbow colors following us supreme court ruling that same-sex couples have right to marry. URL,1
643,649889459836710912,"breaking news: pope francis‚Äô encounter with kim davis wasn‚Äôt an endorsement of her views, the vatican says. URL",1
646,524980744658382848,"#rcmp to hold news conference on #ottawa shootings at 2 pm et, 11 am pt. watch live coverage @ URL",1
648,544352727971954690,"local media: 3 people appear to escape from martin place, sydney, caf√©, amid hostage situation - @abcnews URL",1
654,614594259900080128,"watch live: as sun goes down, white house lights up rainbow colors to celebrate scotus ruling URL URL",1
655,614614133410033664,the white house goes rainbow to celebrate supreme court marriage ruling URL URL,1
656,544278335455776769,"#breaking hostages held inside sydney cafe, islamic flag held up",1
660,651018580989972480,pope francis expected to fire the archbishop who tricked him into meeting kim davis URL,1
662,667073349974102017,anne frank was a refugee denied entrance to the united states URL #syrianrefugees URL,1
663,524922729485848576,only photo i will tweet. cpr being performed on the soldier now. i heard four shots. #ottawa URL,1
664,668849913678209024,that superman poster is legit: URL URL,1
670,524925050739490816,breaking news: soldier shot at national war memorial in ottawa URL,1
671,628336948810268673,whole foods tests the limits of yuppie diet fads with new $6 asparagus water - URL URL,1
677,552783667052167168,"france: 10 people dead after shooting at hq of satirical weekly newspaper #charliehebdo, according to witnesses URL",1
678,552834961762709505,paris manhunt: 3 #charliehebdo attackers with ak-47 rifles & reportedly rocket-propelled grenade still at large URL,1
682,553160652567498752,french police: said kouachi and cherif kouachi wanted in paris terror attack: URL URL,1
683,544268732046913536,#breaking: hostages are being held and a siege is taking place at sydney's lindt chocolat cafe in martin place.,1
686,544282005941530624,hostages in sydney cafe made to hold up islamic flags URL,1
687,614609560658161664,the white house is lit like a rainbow tonight in honor of the #scotusmarriage ruling. URL,1
688,580348081100734464,"#germanwings ""sorry to confirm"" 144 passengers & 6 crew on board flight #4u9525 when it crashed in french alps URL",1
690,553586860334010368,#charliehebdo killers shot dead by police,1
694,544291804057960448,first photos: hostage pressed against a window. #sydneysiege URL,1
698,628604055644934144,whole foods' selling asparagus water is a sign the end times are near URL URL,1
701,524942470472548352,"the university of ottawa, just a five minute walk from the hill, is now on lockdown.",1
702,552792544132997121,breaking charlie hebdo latest: 11 dead 10 wounded (five critical) two gunmen unaccounted for URL URL,1
704,544289311504355328,statement from prime minister tony abbott on sydney hostage situation. URL,1
705,614494460747997184,theres' a double rainbow over the white house URL,1
706,615592870540488704,"if they can light up the white house like a rainbow, it sure as hell better be red, white & blue for independence day.",1
713,614610102927147008,bro there's either a black president in a rainbow whitehouse or i'm having the best trip ever,1
714,614650850393391104,wow! what a way to end this historic day! URL #lovewins #loveislove #equalityforall #lgbt URL,1
715,614648099542204416,white house shines rainbow-colored lights in honor of #scotus gay marriage decision #lovewins URL URL,1
716,544514564407427072,"police seem relaxed, suggesting all hostages are out and gunman no longer a threat URL #sydneysiege",1
719,553566026030272512,"breaking: two hostage situations in france are linked, paris prosecutor says",1
724,614616994499788800,"there's a rainbow over the white house right now, just the same as when dublin had one the day ireland legalized URL",1
726,553506608203169792,"map shows industrial estate where 2 #charliehebdo suspects are holed up, surrounded by police URL URL",1
732,524959809402331137,senior u.s. official: canadian government has informed u.s. that one shooter is dead in ottawa. live blog: URL,1
738,623533663947517952,gay marriage ruling? white house in rainbow colors within hours. 4 murdered marines & a murdered sailor? 5 days to lower the flag. nice.,1
740,614599815280857088,look: @whitehouse lights up in rainbow colors to celebrate #scotus same-sex marriage ruling URL,1
742,614615157730357248,"watch live: as sun goes down, white house lights up rainbow colors to celebrate scotus ruling URL URL",1
746,619242759359037440,"obama 2008:""i support traditional marriage, christians vote for me"" obama 2015:""the white house is a rainbow. bring me my unicorn"" merica.",1
747,552792913910833152,at least 11 dead in shooting at hq of #charliehebdo in #paris (police source) URL,1
752,667487418388488192,"the picture of a syrian child ""surrendering"" to a camera is real. URL URL",1
753,553586897168392192,#breaking : both charlie hebdo suspects killed as police storm building (police sources) URL URL,1
756,553221600955621376,"clarissa, 27 years old, police trainee of montrouge police in #france. victim of this morning's attack. via @_batou_ URL",1
764,544399927045283840,"nsw police confirm 5 hostages have emerged from #sydneysiege and they are negotiating: ""it might take a bit of time"" URL",1
765,524947674164760577,breaking news: new york times is reporting the canadian soldier who was shot has died from their injuries. heartbreaking. #cdnpoli #ableg,1
768,552792802309181440,#charliehebdo - 11 dead including 2 police in paris shooting. photo @martinbureau1 #afp URL,1
771,614891047886434304,the white house was lit up with rainbow lights to celebrate marriage equality: URL URL,1
772,525023025792835585,#ripnathancirillo rt @globeandmail: soldier killed at war memorial identified as cpl. nathan cirillo #ottawashooting URL,1
776,544282227035869184,"breaking news: gunmen take hostages at sydney cafe, wave islamic flag URL URL",1
778,553558982476828674,"on israeli tv, an israeli woman speaks of her nephew,a mother with 6 month old baby, held hostage in the supermarket in paris. #jesuisjuif",1
779,544290258951892992,central sydney shut down by police amid ongoing hostage situation: URL,1
781,544329935943237632,uber sydney trips from cbd will be free for riders. higher rates are still in place to encourage drivers to get into the cbd.,1
786,552802654641225728,charlie hebdo shooting latest: 12 dead and gunmen still at large URL URL,1
788,544305540286148609,a man believed to be the gunman filmed wearing a black headband inside the cafe URL URL,1
790,524923462398513152,shots fired on parliament hill after a man walked up with a gun. i'm locked in a security office on parliament hill,1
792,616421546702336000,"woah, nature. URL URL",1
793,524944399890124801,recap: gunman shot dead inside parliament buildings; police believe there may be others on loose. cdn soldier shot earlier at war memorial.,1
795,544391176137089024,"hostage taker in sydney cafe demands isis flag and call with australian pm, sky news reports. URL #sydneysiege",1
796,524969201102901248,mps credit sergeant-at-arms for saving lives in parliament hill shootings URL URL,1
799,552806757672964097,"update: 12 now confirmed dead in #charliehebdo attack in paris, @ap is reporting. story: URL (ap) URL",1
801,544350567183556608,we can see people coming out a firedoor near the lindt cafe to waiting police. 2-3 people. hard to see. #sydneysiege,1
805,614593386188828672,white house lit in rainbow colors following us supreme court ruling that same-sex couples have right to marry. URL,1
811,650046859537448960,an openly gay man said that he and his partner met with pope francis a day before kim davis did URL,1
814,544269749405097984,breaking: live coverage of hostage situation unfolding in sydney's martin place URL URL,1
0,656955120626880512,correct predictions in back to the future ii URL,0
2,613404935003217920,cops bought the alleged church shooter burger king hours after killings URL,0
9,622891631293935616,#wakeupamericaüá∫üá∏ who needs a #gun registry when #obama has all your personal information URL URL,0
14,622858454949040128,in heaven chick-fil-a is open on sundays.,0
15,656870311057575936,the 5 most accurate predictions from the decade-jumping adventures in #backtothefuture: URL URL,0
19,672513234419638273,thoughts and prayers are not enough. pres. obama speaks on mass shootings over the years: URL URL,0
22,620835698514464768,translucent butterfly - beautiful! URL,0
23,626898253900943360,everyone mad at bruce for his sex change but no one gave ashit about that nerd minkus changing into chanel west coast URL,0
24,618804516578680832,family: @schwarzenegger's last act as governor stole justice from dead son. URL URL,0
25,672632899921833984,why have there been more mass shootings under obama than the 4 previous presidents combined? URL URL,0
27,594687353937100801,"the kissing islands, greenland. URL",0
28,613016993692798977,police chief says dylann roof was taken to burger king shortly after arrest URL,0
29,663385747177775105,"steve jobs was adopted. his biological father was abdulfattah jandali, a syrian muslim.",0
33,613393657161510913,cops bought burger king for dylann roof following his arrest URL URL,0
37,604354747357859842,florida couple arrested for selling fake real estate on the moon #wtf15 üëâüèøüëâ URL URL,0
40,652783670370115585,"steve jobs was adopted. his biological father was abdulfattah jandali, a syrian muslim.",0
41,674187250792558592,donald trump v adolf hitler URL,0
46,674244561519161344,"you're increasingly compared to hitler. does that bother you? trump: ""no."" URL",0
51,656830586577883136,happy #backtothefuture day! how did 'back to the future: part ii' score on 2015 predictions? URL URL,0
57,663925546812837888,"solo cups have been red for decades. if starbucks was taking a shot at christmas, solo shot first.",0
59,637382230394822656,ben carson: what happened to blacks during slavery is why i am pro-life on abortion today URL URL,0
60,661222523275636736,"anonymous to kkk: you can hood, but you can't hide. #opkkk #hoodsoff URL",0
62,675043569367982081,‚Äòel chapo‚Äô threatens #isis: ‚Äòmy men will destroy you‚Äô - URL URL,0
67,633961125126668288,a new cnn/orc poll finds @hillaryclinton ahead of @realdonaldtrump by just 6 points URL URL,0
70,645711628046995462,latest starving 'refugees' from #syria . these guys look like friggin soldiers to me! URL,0
73,674014933235859456,"dearborn michigan, this morning. pro isis rally. spread the word, the fit is about to hit the shan here in the us. URL",0
76,620971220301787136,while @cnn is talking about #irandeal nasa confirms earth will experience 15 days of darkness in november 2015 URL,0
77,656880145769197568,10 'back to the future' predictions that came true URL URL,0
79,612646796355960832,"after arrest, dylann roof was hungry. police bought him food from burger king. more details: URL URL",0
84,666190716448587776,warning syrian refugees hv arrived in neworlean &they r here 2stay ur funds r being well invested in one-way tickets URL,0
87,652992524504600576,"steve jobs was adopted. his biological father was abdulfattah jandali, a syrian muslim.",0
89,672927317191229440,this is the face of female jihadist #tashfeenmalik could pass for a widow or orphanüò§#norefugees #islamistheproblem URL,0
95,675193315306905600,el chapo vs isis: mexican cartel boss threatens islamic state over drug trade URL URL,0
96,674364257799004160,adolf hitler vs donald trump URL,0
98,662430295254175744,#opkkk releases 500+ names and reveals unexpected #plottwist URL URL,0
100,638050997340893184,"in celebrity death hoax news, james earl jones is not dead. URL URL",0
104,673079581520318464,do these look like the faces of a homeless couple caught living in a walmart attic for 2 years? URL,0
106,673984270902427650,donald trump and adolf hitler. two sides of the same coin. #racism #fascism URL,0
108,618805892222468096,jay z and beyonc√© want to buy rights to the confederate flag: URL URL,0
111,654371696195993600,colorado mcdonald‚Äôs offers first marijuana friendly smoking section in restaurant - URL,0
112,665358434351509504,"breaking: 1st load of 10,000 syrian refugees arrived in new orleans URL #makeamericagreatagain URL",0
114,666633171325353989,"the myth of zouheir, a ""hero muslim security guard"" in paris URL (via @bbctrending) URL",0
117,666070802924617728,jindal demands info about refugees entering new orleans... URL,0
123,667379734343471104,donald trump is the new adolf hitler URL,0
125,653250169752977408,".@hillaryclinton is ahead of @berniesanders by 19 percentage points, in a new cbs news poll released sunday. URL",0
127,643103859729166337,unreal: watch what happens when desperate muslim refugees are offered red cross food URL URL,0
129,658065957823324160,"the father of steve jobs, the ground-breaking founder of apple, was a refugee from syria URL URL",0
135,661229627734667264,mayors flatly deny klan membership after #anonymous releases names online URL #opkkk #hoodsoff URL,0
138,673686233936072704,72 dhs employees on the terror watch list: URL h/t @penguinsfan62,0
139,618192748735299584,"the kissing islands, greenland! URL",0
143,644229386149888001,"greek customs captured containers of weapons and ammunition going to refugee camps in europe as ""plastic furniture"" URL",0
145,671181758692507648,desperate ted cruz claims planned parenthood shooter was transgender leftis; based on rumor he read URL,0
148,626642648179159040,this is how people in china are riding escalators after a horrific accident URL URL,0
154,673872171341447169,72 dhs employees on terrorist watch list URL via @kredo0 URL,0
161,664000310856310784,"mysterious creature discovered in california, everyone naturally cries alien: URL URL",0
165,651321040119963648,el chapo puts $100 million bounty on donald trump...dead or alive! URL,0
166,662151653462790144,hackers from anonymous say they're set to expose hundreds of kkk members URL #opkkk URL,0
168,676067381299576832,72 dhs employees on terrorist watch list - washington free beacon URL,0
171,673615400655970304,shock: 72 'homeland security' employees on terrorist watch list... URL,0
173,641443248909754368,kim davis angers 'eye of the tiger' creator after using song at prison release URL,0
177,656047932093763584,"cnn/orc poll: clinton did best in 1st dem debate, but only sanders significantly increased support in past month. URL",0
179,656595123590012928,10 'back to the future' predictions that actually came true URL URL,0
180,615346611955183616,breaking: south carolina to ban sale of tylenol. they fear picking of cotton from the bottles may represent slavery. URL,0
182,663817239896821760,for everyone who thinks starbucks red cups are ruining christmas URL URL,0
183,659462980476637184,fda confiscates several thousand chickens from kfc farms as mutations worsen URL URL,0
184,669259395902152704,"months ago, rupert murdoch bought national geographic and fired most of writers. this just hit the stands. URL",0
185,620367840902782976,translucent butterfly - beautiful! ' URL,0
188,628045645010608128,"sylvester stallone was so broke before his script for rocky was accepted that he sold his dog for $25. after he bought it back for $15,000.",0
189,672169954016403456,"pres. obama on #sanbernardino: ""we have a pattern now of mass shootings in this country that has no parallel."" URL",0
191,674314254732931072,".@presssec: @realdonaldtrump comment ""disqualifies"" him from presidency URL via @talkopan URL",0
193,611039775856812032,what's lurking underneath that crispy crust? a kfc customer claims he got a fried rat: URL URL,0
200,673696115305406466,72 dhs employees on terrorist watch list URL,0
201,651825062174195712,ben carson is the most brainless brain surgeon in america. my new column: URL,0
202,633949800761700352,cnn/orc poll: donald trump now competitive in general election URL via @jennagiesta URL,0
206,672539897899577344,mass shootings list. reagan - 11 bush sr - 12 clinton - 23 bush jr - 16 obama - 162 #sanbernadino,0
210,672219174463275008,"pres. obama on #sanbernardino: ""we have a pattern now of mass shootings in this country."" URL URL",0
231,667534186450825216,steve jobs' biological father was a syrian immigrant.,0
234,677099574855639044,plumber suing car dealership for $1m after truck he traded in ends up in hands of isis: URL URL,0
236,656825206045020160,"#backtothefuture fans, it's october 21, 2015 ‚Äî the future is finally here! URL URL",0
239,666051332504207360,jindal protests sending of syrian refugees to new orleans URL URL,0
243,674080899055546368,a vote for donald trump is a vote for adolf hitler.,0
244,626770498328895488,translucent butterfly - beautiful! ' URL,0
245,657007736467525632,"steve jobs was adopted. his biological father was abdulfattah jandali, a syrian muslim.",0
251,614054616154550273,charleston church shooter dylann roof receives $4 million in donations from supporters - URL URL,0
252,674301960787505153,donald trump has been disqualified for running for president URL,0
256,661870323034431489,holy shit. rupert murdoch just killed national geographic. URL,0
257,637873886072320001,sanders closes to 7 points behind clinton in new iowa poll. URL URL,0
260,645362146415525888,"#bulgaria finds 10,000 #fake passports hidden by #muslim refugees heading for #germany passports for #terrorists URL",0
262,672632863452299264,reagan (11 mass shootings) bush sr (12 mass shootings) clinton (23 mass shootings) bush jr (16 mass shootings) obama (162 mass shootings),0
266,672433211604013057,reagan (11 mass shootings) bush sr (12 mass shootings) clinton (23 mass shootings) bush jr (16 mass shootings) obama (162 mass shootings),0
276,675064077367005184,el chapo threatens isis URL URL,0
281,629503919098429440,chick-fil-a to open on sundays URL,0
283,626546123713474560,this is how people in china are riding escalators after a horrific accident URL URL,0
284,672906198434209792,farook family attorney says brothers in the family never saw tashfeen malik's face because she always wore a burka. URL,0
285,673615263040798726,72 dhs employees on terrorist watch list URL,0
286,647169573599449088,new cnn democratic poll: bernie sanders 46 hillary clinton 30 joe biden 14 martin o'malley 2,0
287,641050980985999360,"happy ""$15 minimum wage"" labor day from mcdonalds URL",0
289,666107476526432256,muslim security guard stopped bomber from entering the stadium during #parisattacks URL #zouheir URL,0
290,620916279608651776,nasa confirms earth will experience 15 days of complete darkness in november 2015 - URL URL,0
291,673664899571060736,72 dhs employees on terrorist watch list URL via @kredo0 URL,0
295,675065047710892033,"mexican drug kingpin 'el chapo' reportedly threatens to destroy isis ""p*ssies."" URL URL",0
296,668144671772778497,"according to anonymous, the next isis target is a wwe event in atlanta. URL URL",0
297,604625816992002049,"the kissing islands, greenland. URL",0
304,627828211003469825,this is how people in china are riding escalators after a horrific accident URL URL,0
310,658259426172891136,4 legged chickens: fda confiscates several thousand chickens from kfc farms as mutations worsen URL,0
312,651959206287908868,"donald trump's capture, dead or alive, is reportedly worth $100 million to el chapo. URL URL",0
314,652882609219833856,.@realdonaldtrump: what's the secret of my popularity? my looks. i'm very handsome. URL URL,0
317,647464349611589632,"poll: @hillaryclinton trails @berniesanders in new hampshire, even without @vp in the race URL URL",0
325,666640008149925893,son of a syrian refugee URL URL,0
326,663515735231062016,michelle obama says ‚Äòwhite folks‚Äô are what‚Äôs wrong with america URL no michelle you are whats wrong with america,0
327,643139873264812032,and so it begins‚Ä¶isis flag among refugees in germany fighting the police [pictures] URL URL,0
329,656662726014599168,"the father of steve jobs, the ground-breaking founder of apple, was a refugee from syria URL URL",0
330,674229534888185856,who said it: donald trump or adolf hitler? URL URL,0
332,672432930426372096,ever wonder why the most mass shootings ever have happened under obama? URL via @rebootliberty URL,0
333,600451916414484480,nasa recently released imagery showing the deforestation of america ‚Ä¶in just 34 years. URL,0
337,641088973717110784,#imachristianbut i wish chick-fil-a was open on sundays.,0
344,634665777400950784,translucent butterfly URL,0
345,674301413040758785,".@presssec: @realdonaldtrump muslim comment ""disqualifies"" him from presidency URL URL",0
346,613362193787129860,"the kissing islands, greenland. URL",0
353,655986243042459648,"steve jobs was adopted. his biological father was abdulfattah jandali, a syrian muslim.",0
357,618449248179191808,girl killed in her sleep from wearing earbuds while iphone was charging - URL URL,0
360,662381914842603520,"rt @operation_kkk: official #opkkk #hoodsoff 2015 data release URL with love, anonymous . URL",0
367,612438528803213312,"after police arrested #dylannroof, they went and bought him burger king because he was hungry. #charlestonshooting URL",0
368,613425834301485056,police bought #dylannroof food from @burgerking after he was arrested for church shooting: URL URL,0
371,659428447459110912,"#opkkk: #anonymous to reveal identities of 1,000 ku klux klan members URL URL",0
372,672902686380003328,reagan (11 mass shootings) bush sr (12 mass shootings) clinton (23 mass shootings) bush jr (16 mass shootings) obama (162 mass shootings),0
373,659439879701602304,fda confiscates several thousand chickens from kfc farms as mutations worsen URL URL,0
376,669201837187334144,"steve jobs was adopted. his biological father was abdulfattah jandali, a syrian muslim.",0
389,658786161733734400,"steve jobs was adopted. his biological father was abdulfattah jandali, a syrian muslim.",0
391,651402689352351744,"help the red cross provide food, water & cots for refugees across europe. URL ¬† #aidrefugees URL",0
392,634943791934406657,marilyn monroe and james dean smoking in new york city URL,0
395,666810213274689537,but democrats say that syrian refugees are 3 year-old orphans. so why are they worried about them buying guns?,0
401,656629493377990656,"steve jobs was adopted. his biological father was abdulfattah jandali, a syrian muslim.",0
403,675005503160901632,"after mass shootings, obama seeks to expand background checks for gun sales by executive order to bypass congress URL",0
404,638047610973089793,"obese woman arrested for starving her 7 kids: ""there was only enough food for me"" URL URL",0
408,648894687542034432,"steve jobs was adopted. his biological father was abdulfattah jandali, a syrian muslim.",0
413,637868242560638980,woman stabs boyfriend for not liking instagram selfie fast¬†enough URL URL,0
415,641430951403343872,translucent butterfly - beautiful! URL,0
416,635632641635667968,'great pacific garbage patch' researchers return with data URL URL,0
418,626897206717624320,did a real life 'fallen angel' just fall from the sky in london? ‚ÄºÔ∏è‚ÄºÔ∏è üëâ URL üëà URL,0
420,626516248206135296,this is how people in china are riding escalators after a horrific accident URL URL,0
421,676094756758364160,"steve jobs was adopted. his biological father was abdulfattah jandali, a syrian muslim.",0
426,629209452793626624,a russian laboratory has invented a way to remove the black skin layer of black people URL,0
428,666497286663503872,remember: steve jobs' biological father was a syrian migrant. URL (photo: ap) URL,0
429,642432477185867776,the stickers on fruit are edible.,0
431,660466342038867969,calling #anonymous collective to fire at all #kkk & affiliated sources on nov 16. URL #opkkk #hoodsoff retweet/share,0
432,656202544331517952,"no, internet, cnn did not delete its poll showing bernie sanders won the democratic debate. URL URL",0
434,647193820812177408,alert: don't fall for this new facebook scam URL URL,0
437,656818921979310081,great scott! #backtothefuture 2 (almost) nailed its 2015 predictions. @hplabs makes theirs: URL URL,0
438,647168914955243520,"new cnn/wmur nh democratic poll: bernie sanders 46 hillary clinton 30 joe biden 14 martin o'malley 2 sept. 17-23, 314 d voters, +/-5.5%",0
439,661251968078221312,anonymous #opkkk the hoods come off begins with united states senators & mayors URL #hoodsoff URL,0
441,665361505303584774,"first load of 10,000 syrian refugees has arrived in new orleans, being resettled unbeknownst to locals #tcot URL",0
442,613294443878305796,cops who arrested dylann roof treated him to a burger king URL URL,0
443,676120162018451456,"months ago, rupert murdoch bought national geographic and fired most of writers. this just hit the stands. URL",0
444,665379967757324288,"today first load of obama's 10,000 syrian ‚Äúrefugees‚Äù has arrived in new orleans ‚Äì all single males 18-30 years old URL",0
446,612741808125120513,this dad loved his family so much he got eye enlargement surgery so he could look at them more URL URL,0
448,613023744454475776,first black female gop @repmialove returning donations from alleged white supremacist URL URL,0
455,612841482823729152,breaking news campaign donations link top gop contenders to #dylannroof. #tedcruz returns $8k. URL URL,0
456,636925368927064064,actor james earl jones is not dead: URL URL,0
457,674015148382666752,"dearborn michigan, this morning. pro isis rally. spread the word, the fit is about to hit the shan here in the us. URL",0
458,656834590779289600,10 'back to the future' predictions that came true URL URL,0
459,681767380305985536,"sorry, mark zuckerberg is not giving $4.5 billion to 1,000 random facebook users URL URL",0
460,648310692794109952,"steve jobs was adopted. his biological father was abdulfattah jandali, a syrian muslim.",0
474,676870737932742656,plumber suing car dealership for $1m after truck he traded in ends up in hands of isis: URL URL,0
480,640107106943766528,"10,000 refugees expected in austria today, per the red cross. about 20 percent are sick or injured. URL",0
483,640644123339431936,did you know that microsoft actually uses dog noses for thumbsticks on the gamecube controller? URL,0
484,661299012386095105,'hoods off': anonymous announces operation to name kkk members URL #opkkk,0
485,613061089518034944,cops rewarded dylann storm roof with burger king following his arrest for an act of domestic terrorism. URL,0
486,672424512516964352,".@johnrlottjr:""the number of ppl killed by mass shootings during obama‚Äôs tenure is 424 casualties‚Ä¶paris this year alone has 508 casualties.""",0
489,673611867181473792,"what? ""72 dhs employees found on terrorist watch list"" URL",0
490,673581371458199552,men from #pakistan security forces told reporters to stop probing #tashfeenmalik background or face arrest URL,0
491,668872645589471232,"steve jobs was adopted. his biological father was abdulfattah jandali, a syrian muslim.",0
492,669613420665159680,farting does not burn 67 calories and is not a practical weight loss mechanism: URL URL,0
493,676718762830221312,texas plumber sues car dealership after his truck winds up in isis video: URL URL,0
494,613194145423826944,.@hillaryclinton not talking about ‚Äô92 clinton-gore confederate campaign button URL URL,0
497,665575674485211136,"first 10,000 syrian refugees arrive in new orleans noticed there are no women or children @realdonaldtrump #tcot URL",0
498,641191076716417025,"happy ""$15 minimum wage"" labor day from mcdonalds URL",0
501,633823543541768192,obese woman arrested for starving her 7 kids: ‚Äúthere was only enough food for me‚Äù URL URL,0
508,672828403016429568,obama plans executive action on gun control; white house admits it will not prevent mass shootings URL,0
509,604642913188872192,florida man sips bud light as he walks down street in only shirt and shoes; says he lost pants and underwear at beach URL,0
511,626739062792032256,this is how people in china are riding escalators after a horrific accident URL URL,0
512,663722803489808384,people are enraged that starbucks' red cups aren't christmas-y enough URL URL,0
514,661120256732041216,breaking news here oooof #hoodsoff #opkkk #anonops #anonymous #anonfamily #kkk #racism URL,0
515,634404792241143809,new seaworld show just elephant drowning in large tank of water with no explanation URL URL,0
517,665364878287224834,"ironic timing ‚Äì today first load of 10,000 syrian ‚Äúrefugees‚Äù has arrived in new orleans ‚Äì‚Ä¶ URL URL",0
518,642027433693171712,".@berniesanders says @realdonaldtrump is ""using racism as a way to attract votes"" #bernieoncnn URL URL",0
519,626901072209121282,everyone mad at bruce for his sex change but no one gave ashit about that nerd minkus changing into chanel west coast URL,0
522,663904307113275392,"donald trump defends christmas, says ""maybe we should boycott starbucks"" over new red cups: URL URL",0
528,673346166822694914,do these look like the faces of a homeless couple caught living in a walmart attic for over 2 years? URL,0
531,672488384695279616,reagan (11 mass shootings) bush sr (12 mass shootings) clinton (23 mass shootings) bush jr (16 mass shootings) obama (162 mass shootings),0
532,642145732435292160,poll: @hillaryclinton's lead over @berniesanders shrinks as her edge over gop vanishes URL URL,0
536,643225207705075716,isis flag among refugees in germany fighting the police .. URL #norefugees #rebootliberty URL,0
537,654351281260113920,today @cnn removed a debate poll where over 80% were for @berniesanders #demdebate #clintonnewsnetwork URL,0
539,661102820976930816,"‚ñ∫#anonymous operation #kkk ‚ñ∫ku klux klan, we never stopped watching you URL #opkkk #hoodsoff URL",0
544,645356735545364480,dna confirms hakeem from ‚Äòempire‚Äô is jay-z's biological son [read detailsüëáüëáüëáüëáüëáüèæüëáüèø URL URL,0
547,655080266784968705,poll: @hillaryclinton pulls even with @berniesanders in new hampshire after debate URL URL,0
549,658462819667615744,"the father of steve jobs, the founder of apple, was a refugee from syria URL URL",0
573,654343805081157633,hey @cnnpolitics @cnn where did this poll go? apparantly a lot of people like @berniesanders. you should report that URL,0
576,613114185505996802,"gop candidates, lawmakers return donations made by leader of racist group cited in dylann roof's manifesto: URL",0
582,672180526946656256,"obama: ""we have a pattern now of mass shootings in this country that has no parallel anywhere else in the world"" URL",0
586,623818627054206977,nasa confirms earth will experience 15 days of complete darkness in november 2015 URL,0
590,667465205258051584,remember the man who killed four marines in chattanooga? he was a refugee. URL,0
593,647169726158925824,"poll: @hillaryclinton trails @berniesanders in new hampshire, even without @vp in the race URL URL",0
596,631388553801564160,did a real life 'fallen angel' just fall from the sky in london? URL,0
597,656811196218286080,10 'back to the future' predictions that came true URL URL,0
